Model,accuracy,balanced_accuracy,precision,recall,f1,roc_auc_ovr
ET,0.7875,0.7875,0.7824074074074072,0.7875,0.7766757318828987,0.944375
XGB,0.775,0.775,0.7668967874231031,0.775,0.7629318394024276,0.9114583333333334
RF,0.75,0.75,0.7429266136162689,0.75,0.7331884907072876,0.9372916666666669
LGB,0.725,0.7250000000000001,0.7098214285714286,0.725,0.7083333333333334,0.9243750000000001
